1403252755990,160,/zssperformance/intensiveFormula.zul,200,OK,Thread Group 1-1,text,true,2983,160
1403252756193,51,/zssperformance/zkau,200,OK,Thread Group 1-1,text,true,910,51
1403252756265,6,/zssperformance/zkau,200,OK,Thread Group 1-1,text,true,255,6
1403252756500,17,/zssperformance/zkau,200,OK,Thread Group 1-1,text,true,380,17
1403252756850,187,/zssperformance/zkau,200,OK,Thread Group 1-1,text,true,2697,186
1403252757258,6,/zssperformance/zkau,200,OK,Thread Group 1-1,text,true,380,6
1403252757278,122,/zssperformance/zkau,200,OK,Thread Group 1-1,text,true,2712,121
1403252757480,6,/zssperformance/zkau,200,OK,Thread Group 1-1,text,true,380,6
1403252757681,124,/zssperformance/zkau,200,OK,Thread Group 1-1,text,true,2717,124
1403252758101,7,/zssperformance/zkau,200,OK,Thread Group 1-1,text,true,380,7
1403252758308,124,/zssperformance/zkau,200,OK,Thread Group 1-1,text,true,2718,124
1403252758921,7,/zssperformance/zkau,200,OK,Thread Group 1-1,text,true,381,7
1403252758993,87,/zssperformance/zkau,200,OK,Thread Group 1-1,text,true,2720,86
1403252759550,7,/zssperformance/zkau,200,OK,Thread Group 1-1,text,true,381,7
1403252759837,78,/zssperformance/zkau,200,OK,Thread Group 1-1,text,true,2720,78
1403252760066,5,/zssperformance/zkau,200,OK,Thread Group 1-1,text,true,381,5
1403252760267,80,/zssperformance/zkau,200,OK,Thread Group 1-1,text,true,2718,79
1403252760816,6,/zssperformance/zkau,200,OK,Thread Group 1-1,text,true,381,6
1403252761061,71,/zssperformance/zkau,200,OK,Thread Group 1-1,text,true,2720,70
1403252761597,5,/zssperformance/zkau,200,OK,Thread Group 1-1,text,true,381,5
1403252761640,71,/zssperformance/zkau,200,OK,Thread Group 1-1,text,true,2721,71
1403252762155,5,/zssperformance/zkau,200,OK,Thread Group 1-1,text,true,381,5
1403252762275,75,/zssperformance/zkau,200,OK,Thread Group 1-1,text,true,2720,75
1403252762608,7,/zssperformance/zkau,200,OK,Thread Group 1-1,text,true,382,7
1403252762946,71,/zssperformance/zkau,200,OK,Thread Group 1-1,text,true,2718,71
1403252763236,5,/zssperformance/zkau,200,OK,Thread Group 1-1,text,true,382,5
1403252763348,70,/zssperformance/zkau,200,OK,Thread Group 1-1,text,true,2715,70
1403252763660,5,/zssperformance/zkau,200,OK,Thread Group 1-1,text,true,382,5
1403252763689,66,/zssperformance/zkau,200,OK,Thread Group 1-1,text,true,2719,65
1403252764010,7,/zssperformance/zkau,200,OK,Thread Group 1-1,text,true,382,7
1403252764293,76,/zssperformance/zkau,200,OK,Thread Group 1-1,text,true,2718,75
1403252764605,9,/zssperformance/zkau,200,OK,Thread Group 1-1,text,true,382,9
1403252765020,66,/zssperformance/zkau,200,OK,Thread Group 1-1,text,true,2718,65
1403252765349,7,/zssperformance/zkau,200,OK,Thread Group 1-1,text,true,382,7
1403252765544,73,/zssperformance/zkau,200,OK,Thread Group 1-1,text,true,2720,73
1403252765654,5,/zssperformance/zkau,200,OK,Thread Group 1-1,text,true,382,5
1403252766138,64,/zssperformance/zkau,200,OK,Thread Group 1-1,text,true,2720,63
1403252766557,6,/zssperformance/zkau,200,OK,Thread Group 1-1,text,true,382,6
1403252766785,64,/zssperformance/zkau,200,OK,Thread Group 1-1,text,true,2720,63
1403252767049,6,/zssperformance/zkau,200,OK,Thread Group 1-1,text,true,382,6
1403252767294,64,/zssperformance/zkau,200,OK,Thread Group 1-1,text,true,2719,63
1403252767729,6,/zssperformance/zkau,200,OK,Thread Group 1-1,text,true,382,6
1403252768015,72,/zssperformance/zkau,200,OK,Thread Group 1-1,text,true,2719,71
1403252768126,4,/zssperformance/zkau,200,OK,Thread Group 1-1,text,true,382,4
1403252768277,66,/zssperformance/zkau,200,OK,Thread Group 1-1,text,true,2717,65
1403252768463,5,/zssperformance/zkau,200,OK,Thread Group 1-1,text,true,382,5
1403252768874,63,/zssperformance/zkau,200,OK,Thread Group 1-1,text,true,2718,63
1403252769045,5,/zssperformance/zkau,200,OK,Thread Group 1-1,text,true,382,5
1403252769092,57,/zssperformance/zkau,200,OK,Thread Group 1-1,text,true,2724,57
1403252769271,5,/zssperformance/zkau,200,OK,Thread Group 1-1,text,true,382,5
1403252769524,76,/zssperformance/zkau,200,OK,Thread Group 1-1,text,true,2716,75
1403252769791,5,/zssperformance/zkau,200,OK,Thread Group 1-1,text,true,382,5
1403252770089,52,/zssperformance/zkau,200,OK,Thread Group 1-1,text,true,2722,52
1403252770437,11,/zssperformance/zkau,200,OK,Thread Group 1-1,text,true,381,11
1403252770902,90,/zssperformance/zkau,200,OK,Thread Group 1-1,text,true,2709,89
1403252771429,4,/zssperformance/zkau,200,OK,Thread Group 1-1,text,true,381,4
1403252771818,81,/zssperformance/zkau,200,OK,Thread Group 1-1,text,true,2725,80
1403252772382,5,/zssperformance/zkau,200,OK,Thread Group 1-1,text,true,381,5
1403252772837,49,/zssperformance/zkau,200,OK,Thread Group 1-1,text,true,2728,49
1403252773035,6,/zssperformance/zkau,200,OK,Thread Group 1-1,text,true,381,6
1403252773110,53,/zssperformance/zkau,200,OK,Thread Group 1-1,text,true,2724,52
1403252773339,5,/zssperformance/zkau,200,OK,Thread Group 1-1,text,true,381,5
1403252773466,54,/zssperformance/zkau,200,OK,Thread Group 1-1,text,true,2735,54
1403252773556,6,/zssperformance/zkau,200,OK,Thread Group 1-1,text,true,381,6
1403252774058,53,/zssperformance/zkau,200,OK,Thread Group 1-1,text,true,2725,53
1403252774602,5,/zssperformance/zkau,200,OK,Thread Group 1-1,text,true,381,5
1403252774730,59,/zssperformance/zkau,200,OK,Thread Group 1-1,text,true,2725,59
1403252775084,5,/zssperformance/zkau,200,OK,Thread Group 1-1,text,true,381,5
1403252775211,58,/zssperformance/zkau,200,OK,Thread Group 1-1,text,true,2725,58
1403252775325,4,/zssperformance/zkau,200,OK,Thread Group 1-1,text,true,381,4
1403252775415,63,/zssperformance/zkau,200,OK,Thread Group 1-1,text,true,2724,63
1403252775751,5,/zssperformance/zkau,200,OK,Thread Group 1-1,text,true,381,5
1403252776122,54,/zssperformance/zkau,200,OK,Thread Group 1-1,text,true,2726,53
1403252776419,6,/zssperformance/zkau,200,OK,Thread Group 1-1,text,true,382,6
1403252776515,51,/zssperformance/zkau,200,OK,Thread Group 1-1,text,true,2722,51
1403252776807,5,/zssperformance/zkau,200,OK,Thread Group 1-1,text,true,382,5
1403252777031,95,/zssperformance/zkau,200,OK,Thread Group 1-1,text,true,2722,94
1403252777172,8,/zssperformance/zkau,200,OK,Thread Group 1-1,text,true,382,8
1403252777357,53,/zssperformance/zkau,200,OK,Thread Group 1-1,text,true,2723,53
1403252777721,5,/zssperformance/zkau,200,OK,Thread Group 1-1,text,true,382,5
1403252777933,46,/zssperformance/zkau,200,OK,Thread Group 1-1,text,true,2719,45
1403252778219,5,/zssperformance/zkau,200,OK,Thread Group 1-1,text,true,382,5
1403252778461,45,/zssperformance/zkau,200,OK,Thread Group 1-1,text,true,2723,45
1403252778978,5,/zssperformance/zkau,200,OK,Thread Group 1-1,text,true,382,5
1403252779165,45,/zssperformance/zkau,200,OK,Thread Group 1-1,text,true,2725,44
1403252779271,5,/zssperformance/zkau,200,OK,Thread Group 1-1,text,true,382,5
1403252779646,44,/zssperformance/zkau,200,OK,Thread Group 1-1,text,true,2724,44
1403252780101,5,/zssperformance/zkau,200,OK,Thread Group 1-1,text,true,382,5
1403252780536,43,/zssperformance/zkau,200,OK,Thread Group 1-1,text,true,2726,43
1403252780675,5,/zssperformance/zkau,200,OK,Thread Group 1-1,text,true,382,5
1403252781028,48,/zssperformance/zkau,200,OK,Thread Group 1-1,text,true,2723,48
1403252781396,5,/zssperformance/zkau,200,OK,Thread Group 1-1,text,true,382,5
1403252781648,45,/zssperformance/zkau,200,OK,Thread Group 1-1,text,true,2725,44
1403252782004,4,/zssperformance/zkau,200,OK,Thread Group 1-1,text,true,382,4
1403252782408,44,/zssperformance/zkau,200,OK,Thread Group 1-1,text,true,2725,43
1403252782753,5,/zssperformance/zkau,200,OK,Thread Group 1-1,text,true,382,5
1403252783218,47,/zssperformance/zkau,200,OK,Thread Group 1-1,text,true,2725,46
1403252783597,5,/zssperformance/zkau,200,OK,Thread Group 1-1,text,true,382,5
1403252783629,53,/zssperformance/zkau,200,OK,Thread Group 1-1,text,true,2736,53
1403252783826,5,/zssperformance/zkau,200,OK,Thread Group 1-1,text,true,401,5
1403252784178,44,/zssperformance/zkau,200,OK,Thread Group 1-1,text,true,2724,43
1403252784585,5,/zssperformance/zkau,200,OK,Thread Group 1-1,text,true,383,5
1403252784645,49,/zssperformance/zkau,200,OK,Thread Group 1-1,text,true,2728,49
1403252755978,3897,Transaction Controller,200,"Number of samples in transaction : 103, number of failing samples : 0",Thread Group 1-1,,true,159306,3869
1403252784985,94,/zssperformance/intensiveFormula.zul,200,OK,Thread Group 1-1,text,true,2839,94
1403252785419,11,/zssperformance/zkau,200,OK,Thread Group 1-1,text,true,909,11
1403252785530,7,/zssperformance/zkau,200,OK,Thread Group 1-1,text,true,255,7
1403252785547,10,/zssperformance/zkau,200,OK,Thread Group 1-1,text,true,380,10
1403252785739,42,/zssperformance/zkau,200,OK,Thread Group 1-1,text,true,2697,42
1403252785902,7,/zssperformance/zkau,200,OK,Thread Group 1-1,text,true,380,7
1403252786268,41,/zssperformance/zkau,200,OK,Thread Group 1-1,text,true,2713,41
1403252786589,7,/zssperformance/zkau,200,OK,Thread Group 1-1,text,true,380,7
1403252786970,41,/zssperformance/zkau,200,OK,Thread Group 1-1,text,true,2718,40
1403252787136,5,/zssperformance/zkau,200,OK,Thread Group 1-1,text,true,380,5
1403252787367,42,/zssperformance/zkau,200,OK,Thread Group 1-1,text,true,2718,41
1403252787786,5,/zssperformance/zkau,200,OK,Thread Group 1-1,text,true,381,5
1403252787994,41,/zssperformance/zkau,200,OK,Thread Group 1-1,text,true,2720,41
1403252788084,5,/zssperformance/zkau,200,OK,Thread Group 1-1,text,true,381,5
1403252788265,40,/zssperformance/zkau,200,OK,Thread Group 1-1,text,true,2720,39
1403252788667,8,/zssperformance/zkau,200,OK,Thread Group 1-1,text,true,381,8
1403252789034,42,/zssperformance/zkau,200,OK,Thread Group 1-1,text,true,2719,42
1403252789413,5,/zssperformance/zkau,200,OK,Thread Group 1-1,text,true,381,5
1403252789622,43,/zssperformance/zkau,200,OK,Thread Group 1-1,text,true,2720,42
1403252789872,5,/zssperformance/zkau,200,OK,Thread Group 1-1,text,true,381,5
1403252790022,43,/zssperformance/zkau,200,OK,Thread Group 1-1,text,true,2721,42
1403252790177,5,/zssperformance/zkau,200,OK,Thread Group 1-1,text,true,381,5
1403252790604,41,/zssperformance/zkau,200,OK,Thread Group 1-1,text,true,2720,40
1403252790773,6,/zssperformance/zkau,200,OK,Thread Group 1-1,text,true,382,6
1403252791159,41,/zssperformance/zkau,200,OK,Thread Group 1-1,text,true,2718,40
1403252791370,4,/zssperformance/zkau,200,OK,Thread Group 1-1,text,true,382,4
1403252791673,40,/zssperformance/zkau,200,OK,Thread Group 1-1,text,true,2715,40
1403252792140,5,/zssperformance/zkau,200,OK,Thread Group 1-1,text,true,382,5
1403252792270,45,/zssperformance/zkau,200,OK,Thread Group 1-1,text,true,2719,44
1403252792526,5,/zssperformance/zkau,200,OK,Thread Group 1-1,text,true,382,5
1403252792765,41,/zssperformance/zkau,200,OK,Thread Group 1-1,text,true,2718,41
1403252792945,5,/zssperformance/zkau,200,OK,Thread Group 1-1,text,true,382,5
1403252793076,40,/zssperformance/zkau,200,OK,Thread Group 1-1,text,true,2719,39
1403252793605,4,/zssperformance/zkau,200,OK,Thread Group 1-1,text,true,382,4
1403252793714,40,/zssperformance/zkau,200,OK,Thread Group 1-1,text,true,2720,39
1403252793899,5,/zssperformance/zkau,200,OK,Thread Group 1-1,text,true,382,5
1403252794210,39,/zssperformance/zkau,200,OK,Thread Group 1-1,text,true,2720,38
1403252794731,5,/zssperformance/zkau,200,OK,Thread Group 1-1,text,true,382,5
1403252794801,40,/zssperformance/zkau,200,OK,Thread Group 1-1,text,true,2720,39
1403252794900,6,/zssperformance/zkau,200,OK,Thread Group 1-1,text,true,382,5
1403252795399,40,/zssperformance/zkau,200,OK,Thread Group 1-1,text,true,2719,40
1403252795557,5,/zssperformance/zkau,200,OK,Thread Group 1-1,text,true,382,5
1403252796048,39,/zssperformance/zkau,200,OK,Thread Group 1-1,text,true,2719,39
1403252796096,11,/zssperformance/zkau,200,OK,Thread Group 1-1,text,true,382,11
1403252796291,40,/zssperformance/zkau,200,OK,Thread Group 1-1,text,true,2717,39
1403252796799,6,/zssperformance/zkau,200,OK,Thread Group 1-1,text,true,382,6
1403252796998,39,/zssperformance/zkau,200,OK,Thread Group 1-1,text,true,2718,39
1403252797514,7,/zssperformance/zkau,200,OK,Thread Group 1-1,text,true,382,7
1403252797610,41,/zssperformance/zkau,200,OK,Thread Group 1-1,text,true,2724,41
1403252797752,5,/zssperformance/zkau,200,OK,Thread Group 1-1,text,true,382,5
1403252798250,39,/zssperformance/zkau,200,OK,Thread Group 1-1,text,true,2716,39
1403252798364,5,/zssperformance/zkau,200,OK,Thread Group 1-1,text,true,382,5
1403252798440,42,/zssperformance/zkau,200,OK,Thread Group 1-1,text,true,2722,41
1403252798547,10,/zssperformance/zkau,200,OK,Thread Group 1-1,text,true,381,10
1403252798885,39,/zssperformance/zkau,200,OK,Thread Group 1-1,text,true,2709,38
1403252798973,6,/zssperformance/zkau,200,OK,Thread Group 1-1,text,true,381,6
1403252799113,43,/zssperformance/zkau,200,OK,Thread Group 1-1,text,true,2725,43
1403252799412,4,/zssperformance/zkau,200,OK,Thread Group 1-1,text,true,381,4
1403252799847,38,/zssperformance/zkau,200,OK,Thread Group 1-1,text,true,2728,38
1403252800379,4,/zssperformance/zkau,200,OK,Thread Group 1-1,text,true,381,4
1403252800483,42,/zssperformance/zkau,200,OK,Thread Group 1-1,text,true,2725,41
1403252800953,5,/zssperformance/zkau,200,OK,Thread Group 1-1,text,true,381,5
1403252801310,39,/zssperformance/zkau,200,OK,Thread Group 1-1,text,true,2734,38
1403252801379,5,/zssperformance/zkau,200,OK,Thread Group 1-1,text,true,381,5
1403252801821,40,/zssperformance/zkau,200,OK,Thread Group 1-1,text,true,2725,40
1403252802345,10,/zssperformance/zkau,200,OK,Thread Group 1-1,text,true,381,10
1403252802770,61,/zssperformance/zkau,200,OK,Thread Group 1-1,text,true,2725,61
1403252803126,5,/zssperformance/zkau,200,OK,Thread Group 1-1,text,true,381,5
1403252803354,37,/zssperformance/zkau,200,OK,Thread Group 1-1,text,true,2725,37
1403252803412,5,/zssperformance/zkau,200,OK,Thread Group 1-1,text,true,381,5
1403252803728,41,/zssperformance/zkau,200,OK,Thread Group 1-1,text,true,2724,41
1403252804079,7,/zssperformance/zkau,200,OK,Thread Group 1-1,text,true,381,7
1403252804307,38,/zssperformance/zkau,200,OK,Thread Group 1-1,text,true,2726,38
1403252804648,4,/zssperformance/zkau,200,OK,Thread Group 1-1,text,true,382,4
1403252805023,38,/zssperformance/zkau,200,OK,Thread Group 1-1,text,true,2722,37
1403252805307,5,/zssperformance/zkau,200,OK,Thread Group 1-1,text,true,382,5
1403252805646,38,/zssperformance/zkau,200,OK,Thread Group 1-1,text,true,2722,38
1403252805915,5,/zssperformance/zkau,200,OK,Thread Group 1-1,text,true,382,5
1403252806336,39,/zssperformance/zkau,200,OK,Thread Group 1-1,text,true,2724,39
1403252806633,5,/zssperformance/zkau,200,OK,Thread Group 1-1,text,true,382,5
1403252806841,40,/zssperformance/zkau,200,OK,Thread Group 1-1,text,true,2719,40
1403252807262,15,/zssperformance/zkau,200,OK,Thread Group 1-1,text,true,382,15
1403252807285,39,/zssperformance/zkau,200,OK,Thread Group 1-1,text,true,2723,39
1403252807722,5,/zssperformance/zkau,200,OK,Thread Group 1-1,text,true,382,5
1403252807962,40,/zssperformance/zkau,200,OK,Thread Group 1-1,text,true,2725,40
1403252808006,9,/zssperformance/zkau,200,OK,Thread Group 1-1,text,true,382,9
1403252808466,46,/zssperformance/zkau,200,OK,Thread Group 1-1,text,true,2724,45
1403252808752,8,/zssperformance/zkau,200,OK,Thread Group 1-1,text,true,382,8
1403252808784,49,/zssperformance/zkau,200,OK,Thread Group 1-1,text,true,2726,48
1403252809156,95,/zssperformance/zkau,200,OK,Thread Group 1-1,text,true,382,95
1403252809280,42,/zssperformance/zkau,200,OK,Thread Group 1-1,text,true,2723,42
1403252809802,5,/zssperformance/zkau,200,OK,Thread Group 1-1,text,true,382,5
1403252810076,37,/zssperformance/zkau,200,OK,Thread Group 1-1,text,true,2726,36
1403252810256,5,/zssperformance/zkau,200,OK,Thread Group 1-1,text,true,382,5
1403252810342,38,/zssperformance/zkau,200,OK,Thread Group 1-1,text,true,2725,37
1403252810767,5,/zssperformance/zkau,200,OK,Thread Group 1-1,text,true,382,5
1403252810884,39,/zssperformance/zkau,200,OK,Thread Group 1-1,text,true,2744,38
1403252811088,6,/zssperformance/zkau,200,OK,Thread Group 1-1,text,true,382,6
1403252811433,40,/zssperformance/zkau,200,OK,Thread Group 1-1,text,true,2736,39
1403252811511,5,/zssperformance/zkau,200,OK,Thread Group 1-1,text,true,382,5
1403252811666,62,/zssperformance/zkau,200,OK,Thread Group 1-1,text,true,2724,62
1403252812228,5,/zssperformance/zkau,200,OK,Thread Group 1-1,text,true,383,5
1403252812450,56,/zssperformance/zkau,200,OK,Thread Group 1-1,text,true,2728,55
1403252784700,2585,Transaction Controller,200,"Number of samples in transaction : 103, number of failing samples : 0",Thread Group 1-1,,true,159167,2558
1403252812709,77,/zssperformance/intensiveFormula.zul,200,OK,Thread Group 1-1,text,true,2839,77
1403252813139,12,/zssperformance/zkau,200,OK,Thread Group 1-1,text,true,909,12
1403252813259,5,/zssperformance/zkau,200,OK,Thread Group 1-1,text,true,255,5
1403252813498,4,/zssperformance/zkau,200,OK,Thread Group 1-1,text,true,380,4
1403252813743,42,/zssperformance/zkau,200,OK,Thread Group 1-1,text,true,2697,42
1403252813839,4,/zssperformance/zkau,200,OK,Thread Group 1-1,text,true,380,4
1403252814285,38,/zssperformance/zkau,200,OK,Thread Group 1-1,text,true,2713,38
1403252814487,5,/zssperformance/zkau,200,OK,Thread Group 1-1,text,true,380,5
1403252814808,37,/zssperformance/zkau,200,OK,Thread Group 1-1,text,true,2717,36
1403252815255,104,/zssperformance/zkau,200,OK,Thread Group 1-1,text,true,380,104
1403252815564,36,/zssperformance/zkau,200,OK,Thread Group 1-1,text,true,2718,35
1403252815731,5,/zssperformance/zkau,200,OK,Thread Group 1-1,text,true,381,5
1403252816182,338,/zssperformance/zkau,200,OK,Thread Group 1-1,text,true,2720,338
1403252816725,4,/zssperformance/zkau,200,OK,Thread Group 1-1,text,true,381,4
1403252816804,142,/zssperformance/zkau,200,OK,Thread Group 1-1,text,true,2720,141
1403252817432,62,/zssperformance/zkau,200,OK,Thread Group 1-1,text,true,381,62
1403252817837,100,/zssperformance/zkau,200,OK,Thread Group 1-1,text,true,2718,100
1403252818251,167,/zssperformance/zkau,200,OK,Thread Group 1-1,text,true,381,167
1403252818703,51,/zssperformance/zkau,200,OK,Thread Group 1-1,text,true,2720,51
1403252818796,4,/zssperformance/zkau,200,OK,Thread Group 1-1,text,true,381,4
1403252819073,92,/zssperformance/zkau,200,OK,Thread Group 1-1,text,true,2720,91
1403252819504,40,/zssperformance/zkau,200,OK,Thread Group 1-1,text,true,381,40
1403252819892,90,/zssperformance/zkau,200,OK,Thread Group 1-1,text,true,2720,89
1403252820023,4,/zssperformance/zkau,200,OK,Thread Group 1-1,text,true,382,4
1403252820239,120,/zssperformance/zkau,200,OK,Thread Group 1-1,text,true,2717,119
1403252820756,220,/zssperformance/zkau,200,OK,Thread Group 1-1,text,true,382,220
1403252821031,37,/zssperformance/zkau,200,OK,Thread Group 1-1,text,true,2715,36
1403252821169,5,/zssperformance/zkau,200,OK,Thread Group 1-1,text,true,382,5
1403252821636,35,/zssperformance/zkau,200,OK,Thread Group 1-1,text,true,2719,35
1403252822155,4,/zssperformance/zkau,200,OK,Thread Group 1-1,text,true,382,4
1403252822452,34,/zssperformance/zkau,200,OK,Thread Group 1-1,text,true,2717,34
1403252822852,4,/zssperformance/zkau,200,OK,Thread Group 1-1,text,true,382,4
1403252823161,34,/zssperformance/zkau,200,OK,Thread Group 1-1,text,true,2718,34
1403252823640,6,/zssperformance/zkau,200,OK,Thread Group 1-1,text,true,382,6
1403252824068,34,/zssperformance/zkau,200,OK,Thread Group 1-1,text,true,2720,33
1403252824211,11,/zssperformance/zkau,200,OK,Thread Group 1-1,text,true,382,11
1403252824257,36,/zssperformance/zkau,200,OK,Thread Group 1-1,text,true,2720,35
1403252824470,5,/zssperformance/zkau,200,OK,Thread Group 1-1,text,true,382,5
1403252824716,36,/zssperformance/zkau,200,OK,Thread Group 1-1,text,true,2720,35
1403252824902,4,/zssperformance/zkau,200,OK,Thread Group 1-1,text,true,382,4
1403252824957,34,/zssperformance/zkau,200,OK,Thread Group 1-1,text,true,2719,34
1403252825423,5,/zssperformance/zkau,200,OK,Thread Group 1-1,text,true,382,5
1403252825679,36,/zssperformance/zkau,200,OK,Thread Group 1-1,text,true,2719,35
1403252825876,4,/zssperformance/zkau,200,OK,Thread Group 1-1,text,true,382,4
1403252826208,34,/zssperformance/zkau,200,OK,Thread Group 1-1,text,true,2717,33
1403252826607,10,/zssperformance/zkau,200,OK,Thread Group 1-1,text,true,382,10
1403252826668,34,/zssperformance/zkau,200,OK,Thread Group 1-1,text,true,2718,33
1403252826885,6,/zssperformance/zkau,200,OK,Thread Group 1-1,text,true,382,6
1403252827313,34,/zssperformance/zkau,200,OK,Thread Group 1-1,text,true,2724,33
1403252827744,5,/zssperformance/zkau,200,OK,Thread Group 1-1,text,true,382,5
1403252828075,33,/zssperformance/zkau,200,OK,Thread Group 1-1,text,true,2716,33
1403252828155,6,/zssperformance/zkau,200,OK,Thread Group 1-1,text,true,382,6
1403252828243,39,/zssperformance/zkau,200,OK,Thread Group 1-1,text,true,2722,38
1403252828588,10,/zssperformance/zkau,200,OK,Thread Group 1-1,text,true,381,10
1403252829018,34,/zssperformance/zkau,200,OK,Thread Group 1-1,text,true,2709,34
1403252829346,5,/zssperformance/zkau,200,OK,Thread Group 1-1,text,true,381,5
1403252829720,35,/zssperformance/zkau,200,OK,Thread Group 1-1,text,true,2725,35
1403252829890,5,/zssperformance/zkau,200,OK,Thread Group 1-1,text,true,381,5
1403252830364,36,/zssperformance/zkau,200,OK,Thread Group 1-1,text,true,2728,36
1403252830653,5,/zssperformance/zkau,200,OK,Thread Group 1-1,text,true,381,5
1403252831147,34,/zssperformance/zkau,200,OK,Thread Group 1-1,text,true,2724,33
1403252831656,5,/zssperformance/zkau,200,OK,Thread Group 1-1,text,true,381,5
1403252831734,54,/zssperformance/zkau,200,OK,Thread Group 1-1,text,true,2735,53
1403252832197,5,/zssperformance/zkau,200,OK,Thread Group 1-1,text,true,381,5
1403252832503,35,/zssperformance/zkau,200,OK,Thread Group 1-1,text,true,2725,35
1403252833011,4,/zssperformance/zkau,200,OK,Thread Group 1-1,text,true,381,4
1403252833379,34,/zssperformance/zkau,200,OK,Thread Group 1-1,text,true,2725,34
1403252833436,4,/zssperformance/zkau,200,OK,Thread Group 1-1,text,true,381,4
1403252833530,33,/zssperformance/zkau,200,OK,Thread Group 1-1,text,true,2724,32
1403252833650,5,/zssperformance/zkau,200,OK,Thread Group 1-1,text,true,381,5
1403252833810,33,/zssperformance/zkau,200,OK,Thread Group 1-1,text,true,2724,33
1403252834341,4,/zssperformance/zkau,200,OK,Thread Group 1-1,text,true,381,4
1403252834794,33,/zssperformance/zkau,200,OK,Thread Group 1-1,text,true,2726,32
1403252834896,5,/zssperformance/zkau,200,OK,Thread Group 1-1,text,true,382,5
1403252835179,32,/zssperformance/zkau,200,OK,Thread Group 1-1,text,true,2722,31
1403252835240,5,/zssperformance/zkau,200,OK,Thread Group 1-1,text,true,382,5
1403252835400,33,/zssperformance/zkau,200,OK,Thread Group 1-1,text,true,2722,33
1403252835857,5,/zssperformance/zkau,200,OK,Thread Group 1-1,text,true,382,5
1403252836201,43,/zssperformance/zkau,200,OK,Thread Group 1-1,text,true,2723,42
1403252836517,4,/zssperformance/zkau,200,OK,Thread Group 1-1,text,true,382,4
1403252836971,41,/zssperformance/zkau,200,OK,Thread Group 1-1,text,true,2719,41
1403252837271,5,/zssperformance/zkau,200,OK,Thread Group 1-1,text,true,382,5
1403252837750,32,/zssperformance/zkau,200,OK,Thread Group 1-1,text,true,2723,31
1403252838152,5,/zssperformance/zkau,200,OK,Thread Group 1-1,text,true,382,5
1403252838418,34,/zssperformance/zkau,200,OK,Thread Group 1-1,text,true,2725,33
1403252838812,4,/zssperformance/zkau,200,OK,Thread Group 1-1,text,true,382,4
1403252839097,32,/zssperformance/zkau,200,OK,Thread Group 1-1,text,true,2724,31
1403252839310,9,/zssperformance/zkau,200,OK,Thread Group 1-1,text,true,382,9
1403252839536,31,/zssperformance/zkau,200,OK,Thread Group 1-1,text,true,2726,31
1403252839690,6,/zssperformance/zkau,200,OK,Thread Group 1-1,text,true,382,6
1403252839951,32,/zssperformance/zkau,200,OK,Thread Group 1-1,text,true,2723,32
1403252840174,5,/zssperformance/zkau,200,OK,Thread Group 1-1,text,true,382,5
1403252840541,34,/zssperformance/zkau,200,OK,Thread Group 1-1,text,true,2725,34
1403252840636,5,/zssperformance/zkau,200,OK,Thread Group 1-1,text,true,401,5
1403252840786,32,/zssperformance/zkau,200,OK,Thread Group 1-1,text,true,2725,31
1403252841112,5,/zssperformance/zkau,200,OK,Thread Group 1-1,text,true,382,5
1403252841353,33,/zssperformance/zkau,200,OK,Thread Group 1-1,text,true,2725,32
1403252841462,5,/zssperformance/zkau,200,OK,Thread Group 1-1,text,true,382,5
1403252841649,33,/zssperformance/zkau,200,OK,Thread Group 1-1,text,true,2736,33
1403252842103,5,/zssperformance/zkau,200,OK,Thread Group 1-1,text,true,382,5
1403252842486,33,/zssperformance/zkau,200,OK,Thread Group 1-1,text,true,2724,33
1403252842942,5,/zssperformance/zkau,200,OK,Thread Group 1-1,text,true,383,5
1403252843023,32,/zssperformance/zkau,200,OK,Thread Group 1-1,text,true,2728,32
1403252812511,3372,Transaction Controller,200,"Number of samples in transaction : 103, number of failing samples : 0",Thread Group 1-1,,true,159158,3340
